fips,ProbNextOcc
1001,0.000134752
1003,0.000247188
1005,0.000102841
1007,0.000100284
1009,9.56E-05
1011,9.91E-05
1013,9.29E-05
1015,0.000133764
1017,9.19E-05
1019,8.97E-05
1021,9.78E-05
1023,9.10E-05
1025,9.73E-05
1027,8.94E-05
1029,8.56E-05
1031,0.000120935
1033,0.000107934
1035,9.14E-05
1037,8.99E-05
1039,0.000100835
1041,8.97E-05
1043,0.000115119
1045,0.00010501
1047,9.83E-05
1049,0.000106902
1051,0.000143342
1053,0.000109599
1055,0.000129126
1057,8.58E-05
1059,8.77E-05
1061,9.06E-05
1063,9.09E-05
1065,8.96E-05
1067,9.47E-05
1069,0.00013476
1071,9.59E-05
1073,0.001412866
1075,8.52E-05
1077,0.000136061
1079,8.67E-05
1081,0.000219789
1083,0.000135394
1085,9.09E-05
1087,9.80E-05
1089,0.000541143
1091,9.09E-05
1093,8.82E-05
1095,0.000120345
1097,0.000278868
1099,9.28E-05
1101,0.000288538
1103,0.000133228
1105,9.16E-05
1107,8.65E-05
1109,0.000107743
1111,9.12E-05
1113,0.000109775
1115,0.000121304
1117,0.000283534
1119,9.21E-05
1121,0.000118491
1123,9.86E-05
1125,0.000221063
1127,0.000105176
1129,0.000170728
1131,9.07E-05
1133,8.72E-05
4001,0.000105579
4003,0.000200731
4005,0.000215956
4007,0.000120344
4009,0.000119362
4011,8.82E-05
4012,0.000150363
4013,0.009057498
4015,0.000171699
4017,0.000141099
4019,0.00246059
4021,0.000319012
4023,0.000112203
4025,0.000250701
4027,0.000233991
5001,8.60E-05
5003,9.01E-05
5005,0.000101614
5007,0.000255366
5009,9.64E-05
5011,8.51E-05
5013,8.56E-05
5015,9.69E-05
5017,9.33E-05
5019,9.42E-05
5021,8.51E-05
5023,9.32E-05
5025,8.52E-05
5027,8.91E-05
5029,8.76E-05
5031,0.000140366
5033,9.67E-05
5035,9.66E-05
5037,8.67E-05
5039,9.07E-05
5041,8.64E-05
5043,8.85E-05
5045,0.000169239
5047,8.53E-05
5049,0.000126849
5051,0.000132204
5053,8.76E-05
5055,9.25E-05
5057,8.68E-05
5059,9.08E-05
5061,8.57E-05
5063,9.76E-05
5065,8.70E-05
5067,0.000123398
5069,0.0001137
5071,8.76E-05
5073,8.51E-05
5075,8.60E-05
5077,0.000119303
5079,0.000122886
5081,8.93E-05
5083,8.53E-05
5085,0.00010973
5087,8.59E-05
5089,9.16E-05
5091,9.17E-05
5093,9.00E-05
5095,8.57E-05
5097,8.53E-05
5099,8.57E-05
5101,8.54E-05
5103,8.89E-05
5105,8.48E-05
5107,8.64E-05
5109,8.98E-05
5111,8.56E-05
5113,8.61E-05
5115,0.000114653
5117,8.49E-05
5119,0.000424637
5121,8.78E-05
5123,9.92E-05
5125,0.000153158
5127,8.51E-05
5129,8.52E-05
5131,0.000130449
5133,8.94E-05
5135,8.96E-05
5137,8.67E-05
5139,9.25E-05
5141,8.65E-05
5143,0.000246988
5145,0.000134245
5147,9.19E-05
5149,8.74E-05
6001,0.005249375
6003,0.000360292
6005,0.000255406
6007,0.000280363
6009,0.000210159
6011,0.00013481
6013,0.003083739
6015,0.000337833
6017,0.000464188
6019,0.000769006
6021,0.000130462
6023,0.000367269
6025,0.00039541
6027,0.000149119
6029,0.000480332
6031,0.000240152
6033,0.000344537
6035,0.000177305
6037,0.008218283
6039,0.000224699
6041,0.001472014
6043,0.000141131
6045,0.000287905
6047,0.000253273
6049,0.000109176
6051,0.000128765
6053,0.000392614
6055,0.000355068
6057,0.000434746
6059,0.005094807
6061,0.000511926
6063,0.000311708
6065,0.00266842
6067,0.003308807
6069,0.000132943
6071,0.004361749
6073,0.005746216
6075,0.004726278
6077,0.000458518
6079,0.000355457
6081,0.00369979
6083,0.000575389
6085,0.004581573
6087,0.000475797
6089,0.000243874
6091,0.000358578
6093,0.000141271
6095,0.000337909
6097,0.000800878
6099,0.000364613
6101,0.000166444
6103,0.000152867
6105,0.000197273
6107,0.000403291
6109,0.000377487
6111,0.002094881
6113,0.000339209
6115,0.000201007
8001,0.000282957
8003,0.000110032
8005,0.002931168
8007,0.000118906
8009,9.66E-05
8011,0.000135378
8013,0.001143077
8014,0.000237041
8015,0.000151273
8017,9.60E-05
8019,0.000152066
8021,0.000109437
8023,0.000119054
8025,0.000137337
8027,0.000118029
8029,0.000107329
8031,0.002642467
8033,0.000109115
8035,0.00073167
8037,0.000215355
8039,0.000128757
8041,0.001951909
8043,0.000156598
8045,0.000153402
8047,0.000154602
8049,0.00012787
8051,0.000134151
8053,0.000128655
8055,0.000105125
8057,0.000113611
8059,0.001857533
8061,9.52E-05
8063,0.000100914
8065,0.000123479
8067,0.000185051
8069,0.000711835
8071,9.87E-05
8073,0.000129336
8075,0.000104228
8077,0.000202271
8079,0.000141767
8081,9.87E-05
8083,0.000120027
8085,0.000126391
8087,0.000100541
8089,9.72E-05
8091,0.000150615
8093,0.000128921
8095,9.67E-05
8097,0.00019584
8099,9.62E-05
8101,0.000177663
8103,9.93E-05
8105,0.000114449
8107,0.000175147
8109,0.000114846
8111,0.000128405
8113,0.000136787
8115,9.64E-05
8117,0.00018571
8119,0.000144389
8121,9.67E-05
8123,0.000238751
8125,9.63E-05
9001,0.002885322
9003,0.003291032
9005,0.000341286
9007,0.000488597
9009,0.003082312
9011,0.000458874
9013,0.000312966
9015,0.000197466
10001,0.00025064
10003,0.002170039
10005,0.000295827
12001,0.000427956
12003,0.00010559
12005,0.000204062
12007,0.000113952
12009,0.000567966
12011,0.004165585
12013,0.000173146
12015,0.000236237
12017,0.000160164
12019,0.000207623
12021,0.000438233
12023,0.000131894
12027,0.000110637
12029,0.000109962
12031,0.001576631
12033,0.000275855
12035,0.000161974
12037,0.000152528
12039,0.000117642
12041,0.000103199
12043,0.000109751
12045,0.000146421
12047,0.000123282
12049,0.000119557
12051,0.000105148
12053,0.000173988
12055,0.000148905
12057,0.003341406
12059,0.000116918
12061,0.00024435
12063,0.000155505
12065,0.000153396
12067,0.000133682
12069,0.000255838
12071,0.00070286
12073,0.000903149
12075,0.000103738
12077,0.000133728
12079,0.00010427
12081,0.000330255
12083,0.000258244
12085,0.000275117
12086,0.006333701
12087,0.00019664
12089,0.000150835
12091,0.000271834
12093,0.000116933
12095,0.003094563
12097,0.00038058
12099,0.003504671
12101,0.000334272
12103,0.004385791
12105,0.000352369
12107,0.000126065
12109,0.000314448
12111,0.000236332
12113,0.000225535
12115,0.000981746
12117,0.000390513
12119,0.000256353
12121,0.00010013
12123,0.000128972
12125,0.000136841
12127,0.000352368
12129,0.000109312
12131,0.000142104
12133,0.000101992
13001,8.65E-05
13003,8.48E-05
13005,8.50E-05
13007,8.36E-05
13009,0.000109064
13011,9.42E-05
13013,0.000105182
13015,0.000127341
13017,8.29E-05
13019,8.34E-05
13021,0.000204545
13023,8.88E-05
13025,8.28E-05
13027,8.20E-05
13029,0.000110652
13031,0.000131268
13033,8.33E-05
13035,8.76E-05
13037,0.000121425
13039,0.000109664
13043,8.14E-05
13045,0.000126123
13047,0.000110456
13049,8.62E-05
13051,0.000276982
13053,0.0001423
13055,8.42E-05
13057,0.000230564
13059,0.000204711
13061,8.63E-05
13063,0.000352742
13065,8.21E-05
13067,0.003920201
13069,8.92E-05
13071,8.78E-05
13073,0.000206245
13075,8.07E-05
13077,0.000160018
13079,8.06E-05
13081,8.44E-05
13083,7.97E-05
13085,0.000100651
13087,8.81E-05
13089,0.007242864
13091,8.47E-05
13093,0.000125741
13095,0.000129343
13097,0.000169373
13099,8.32E-05
13101,7.92E-05
13103,9.90E-05
13105,8.09E-05
13107,8.12E-05
13109,7.94E-05
13111,8.62E-05
13113,0.00024024
13115,0.000124644
13117,0.000293014
13119,8.05E-05
13121,0.003546151
13123,8.69E-05
13125,7.94E-05
13127,0.00013716
13129,9.73E-05
13131,8.12E-05
13133,9.56E-05
13135,0.003444668
13137,0.00010083
13139,0.000183927
13141,0.000109024
13143,8.37E-05
13145,0.000185536
13147,8.16E-05
13149,8.19E-05
13151,0.000200251
13153,0.000183158
13155,7.94E-05
13157,0.000101892
13159,7.89E-05
13161,7.92E-05
13163,7.94E-05
13165,7.89E-05
13167,8.21E-05
13169,9.22E-05
13171,7.99E-05
13173,7.96E-05
13175,9.90E-05
13177,0.000105052
13179,0.000101984
13181,7.89E-05
13183,8.00E-05
13185,0.000137301
13187,0.000105286
13189,8.05E-05
13191,8.03E-05
13193,0.000829294
13195,8.58E-05
13197,8.16E-05
13199,7.98E-05
13201,8.16E-05
13205,8.42E-05
13207,0.000104792
13209,7.95E-05
13211,8.51E-05
13213,8.26E-05
13215,0.000200343
13217,0.000122827
13219,0.000167339
13221,8.08E-05
13223,0.00015231
13225,9.01E-05
13227,0.000105052
13229,8.08E-05
13231,8.01E-05
13233,8.57E-05
13235,0.00014171
13237,8.21E-05
13239,8.34E-05
13241,9.39E-05
13243,8.21E-05
13245,0.000188365
13247,0.000124154
13249,7.89E-05
13251,7.89E-05
13253,8.23E-05
13255,9.85E-05
13257,9.17E-05
13259,0.000120825
13261,9.78E-05
13263,7.86E-05
13265,7.91E-05
13267,0.00011233
13269,7.87E-05
13271,0.000109661
13273,8.22E-05
13275,0.000107987
13277,9.91E-05
13279,8.27E-05
13281,8.93E-05
13283,7.90E-05
13285,0.000112259
13287,7.88E-05
13289,8.27E-05
13291,9.91E-05
13293,8.22E-05
13295,9.84E-05
13297,0.000112221
13299,8.64E-05
13301,7.86E-05
13303,8.50E-05
13305,8.45E-05
13307,8.24E-05
13309,0.000118799
13311,9.34E-05
13313,0.000111446
13315,0.000107992
13317,7.93E-05
13319,8.16E-05
13321,7.95E-05
16001,0.000458481
16003,9.01E-05
16005,0.000134191
16007,8.30E-05
16009,8.29E-05
16011,8.84E-05
16013,0.00010942
16015,9.19E-05
16017,0.000107031
16019,0.000138623
16021,9.57E-05
16023,8.33E-05
16025,8.39E-05
16027,0.000146815
16029,8.28E-05
16031,8.37E-05
16033,9.48E-05
16035,9.26E-05
16037,9.50E-05
16039,8.53E-05
16041,8.14E-05
16043,8.43E-05
16045,7.98E-05
16047,7.95E-05
16049,8.55E-05
16051,8.15E-05
16053,7.95E-05
16055,0.000168499
16057,0.000138696
16059,8.67E-05
16061,8.28E-05
16063,7.92E-05
16065,0.000105132
16067,7.99E-05
16069,9.22E-05
16071,7.96E-05
16073,8.08E-05
16075,8.00E-05
16077,8.06E-05
16079,8.91E-05
16081,9.35E-05
16083,0.000112551
16085,9.42E-05
16087,7.97E-05
17001,0.00012004
17003,7.91E-05
17005,8.28E-05
17007,0.000116375
17009,0.000108225
17011,9.10E-05
17013,7.87E-05
17015,8.40E-05
17017,7.88E-05
17019,0.000319821
17021,8.45E-05
17023,8.00E-05
17025,7.87E-05
17027,9.00E-05
17029,0.000121931
17031,0.01167238
17033,8.42E-05
17035,7.88E-05
17037,0.000156204
17039,8.09E-05
17041,8.06E-05
17043,0.003305093
17045,8.16E-05
17047,7.85E-05
17049,8.64E-05
17051,8.32E-05
17053,8.04E-05
17055,8.91E-05
17057,8.80E-05
17059,7.87E-05
17061,7.88E-05
17063,0.000104945
17065,8.19E-05
17067,8.10E-05
17069,7.92E-05
17071,7.87E-05
17073,0.000102619
17075,8.42E-05
17077,0.000148834
17079,7.91E-05
17081,9.19E-05
17083,8.30E-05
17085,9.73E-05
17087,0.000107274
17089,0.000475009
17091,0.000133409
17093,0.000193052
17095,0.000103295
17097,0.002927387
17099,0.000132745
17101,0.000107038
17103,9.88E-05
17105,8.93E-05
17107,9.14E-05
17109,0.000116761
17111,0.000319123
17113,0.000246729
17115,0.00013471
17117,9.92E-05
17119,0.000228376
17121,8.55E-05
17123,8.06E-05
17125,7.90E-05
17127,7.87E-05
17129,8.04E-05
17131,8.05E-05
17133,0.000116526
17135,0.000115584
17137,9.44E-05
17139,8.00E-05
17141,0.000105073
17143,0.000214375
17145,9.32E-05
17147,9.29E-05
17149,7.89E-05
17151,8.09E-05
17153,7.87E-05
17155,8.18E-05
17157,9.67E-05
17159,8.00E-05
17161,0.000189136
17163,0.000222438
17165,8.21E-05
17167,0.000238717
17169,8.25E-05
17171,7.85E-05
17173,8.04E-05
17175,8.10E-05
17177,0.000104118
17179,0.000153681
17181,9.02E-05
17183,0.0001024
17185,7.87E-05
17187,8.16E-05
17189,8.11E-05
17191,7.89E-05
17193,7.94E-05
17195,0.000104554
17197,0.00103131
17199,0.000134791
17201,0.000247282
17203,0.000108352
18001,8.45E-05
18003,0.000265625
18005,0.000150909
18007,8.14E-05
18009,8.14E-05
18011,0.000219436
18013,9.82E-05
18015,8.35E-05
18017,8.68E-05
18019,0.000129822
18021,8.29E-05
18023,8.60E-05
18025,7.88E-05
18027,8.28E-05
18029,0.000100938
18031,8.64E-05
18033,9.20E-05
18035,0.000149576
18037,8.89E-05
18039,0.000168958
18041,8.20E-05
18043,0.000137696
18045,8.29E-05
18047,8.41E-05
18049,8.29E-05
18051,8.39E-05
18053,0.000110936
18055,8.43E-05
18057,0.000735111
18059,0.000139598
18061,9.04E-05
18063,0.000223131
18065,9.78E-05
18067,0.000126712
18069,9.73E-05
18071,8.82E-05
18073,8.81E-05
18075,8.19E-05
18077,8.84E-05
18079,8.07E-05
18081,0.00019151
18083,8.57E-05
18085,0.000131315
18087,8.47E-05
18089,0.000277055
18091,0.000140623
18093,9.19E-05
18095,0.000132453
18097,0.005171546
18099,0.000103008
18101,7.92E-05
18103,8.78E-05
18105,0.000231248
18107,8.95E-05
18109,0.000102991
18111,8.15E-05
18113,8.94E-05
18115,7.86E-05
18117,8.06E-05
18119,8.19E-05
18121,8.28E-05
18123,9.23E-05
18125,7.87E-05
18127,0.000213239
18129,8.50E-05
18131,8.16E-05
18133,9.34E-05
18135,8.47E-05
18137,8.50E-05
18139,8.22E-05
18141,0.000241079
18143,8.08E-05
18145,9.90E-05
18147,8.08E-05
18149,8.30E-05
18151,9.40E-05
18153,8.81E-05
18155,7.91E-05
18157,0.000230263
18159,8.58E-05
18161,8.06E-05
18163,0.000203547
18165,8.05E-05
18167,0.000139917
18169,9.18E-05
18171,8.12E-05
18173,0.00013801
18175,8.31E-05
18177,0.000117208
18179,8.58E-05
18181,8.43E-05
18183,9.19E-05
19001,7.90E-05
19003,7.89E-05
19005,8.36E-05
19007,7.92E-05
19009,7.94E-05
19011,8.56E-05
19013,0.000167777
19015,8.66E-05
19017,9.23E-05
19019,8.36E-05
19021,8.29E-05
19023,8.27E-05
19025,8.28E-05
19027,8.10E-05
19029,7.93E-05
19031,8.32E-05
19033,9.94E-05
19035,8.06E-05
19037,8.29E-05
19039,7.86E-05
19041,8.24E-05
19043,8.34E-05
19045,0.000101319
19047,7.93E-05
19049,0.000202603
19051,7.89E-05
19053,7.92E-05
19055,8.40E-05
19057,8.80E-05
19059,9.92E-05
19061,0.000152761
19063,8.20E-05
19065,8.56E-05
19067,8.36E-05
19069,8.24E-05
19071,7.89E-05
19073,7.87E-05
19075,8.59E-05
19077,7.94E-05
19079,8.38E-05
19081,8.26E-05
19083,8.37E-05
19085,7.87E-05
19087,8.19E-05
19089,8.30E-05
19091,8.12E-05
19093,8.03E-05
19095,8.14E-05
19097,8.43E-05
19099,8.40E-05
19101,0.00010842
19103,0.000480695
19105,8.52E-05
19107,7.93E-05
19109,8.20E-05
19111,8.22E-05
19113,0.000246547
19115,7.91E-05
19117,7.92E-05
19119,8.23E-05
19121,8.00E-05
19123,8.36E-05
19125,9.11E-05
19127,8.89E-05
19129,8.06E-05
19131,8.27E-05
19133,7.87E-05
19135,7.93E-05
19137,7.87E-05
19139,9.35E-05
19141,8.22E-05
19143,8.21E-05
19145,8.23E-05
19147,8.06E-05
19149,8.15E-05
19151,8.04E-05
19153,0.000808416
19155,0.000121049
19157,8.99E-05
19159,7.95E-05
19161,8.05E-05
19163,0.000217343
19165,7.89E-05
19167,9.13E-05
19169,0.000207576
19171,8.19E-05
19173,7.91E-05
19175,7.96E-05
19177,7.94E-05
19179,8.76E-05
19181,0.000103637
19183,8.29E-05
19185,7.92E-05
19187,8.94E-05
19189,8.26E-05
19191,0.000100633
19193,0.000127842
19195,8.24E-05
19197,8.27E-05
20001,8.04E-05
20003,8.22E-05
20005,8.04E-05
20007,8.20E-05
20009,8.12E-05
20011,8.09E-05
20013,8.12E-05
20015,0.00012757
20017,8.12E-05
20019,7.86E-05
20021,8.52E-05
20023,7.83E-05
20025,7.87E-05
20027,8.14E-05
20029,8.21E-05
20031,7.87E-05
20033,7.86E-05
20035,8.60E-05
20037,0.000107164
20039,7.93E-05
20041,8.06E-05
20043,7.85E-05
20045,0.000287889
20047,7.88E-05
20049,7.90E-05
20051,9.64E-05
20053,0.000118749
20055,8.44E-05
20057,8.40E-05
20059,8.32E-05
20061,0.000119577
20063,7.84E-05
20065,7.84E-05
20067,7.91E-05
20069,7.82E-05
20071,7.84E-05
20073,7.85E-05
20075,7.95E-05
20077,7.87E-05
20079,0.000105766
20081,7.84E-05
20083,7.99E-05
20085,8.04E-05
20087,8.11E-05
20089,7.83E-05
20091,0.003468547
20093,7.88E-05
20095,7.87E-05
20097,8.20E-05
20099,8.17E-05
20101,7.84E-05
20103,0.000175977
20105,7.85E-05
20107,7.85E-05
20109,7.84E-05
20111,9.83E-05
20113,9.31E-05
20115,8.10E-05
20117,7.86E-05
20119,7.85E-05
20121,9.34E-05
20123,7.97E-05
20125,8.48E-05
20127,7.86E-05
20129,7.94E-05
20131,7.86E-05
20133,8.58E-05
20135,7.85E-05
20137,0.000104616
20139,8.07E-05
20141,7.86E-05
20143,7.90E-05
20145,0.000110052
20147,7.85E-05
20149,9.42E-05
20151,8.02E-05
20153,7.91E-05
20155,0.000105026
20157,8.40E-05
20159,7.93E-05
20161,0.00018514
20163,8.39E-05
20165,8.46E-05
20167,8.92E-05
20169,0.000110531
20171,7.91E-05
20173,0.000702569
20175,7.90E-05
20177,0.000201221
20179,7.88E-05
20181,7.85E-05
20183,7.85E-05
20185,7.84E-05
20187,7.84E-05
20189,7.86E-05
20191,8.08E-05
20193,8.16E-05
20195,8.34E-05
20197,7.97E-05
20199,7.86E-05
20201,7.85E-05
20203,7.85E-05
20205,7.84E-05
20207,7.83E-05
20209,0.00013081
21001,8.31E-05
21003,8.05E-05
21005,8.21E-05
21007,7.88E-05
21009,9.33E-05
21011,7.86E-05
21013,8.29E-05
21015,0.000190274
21017,8.14E-05
21019,0.000105077
21021,0.000107441
21023,7.85E-05
21025,8.08E-05
21027,8.01E-05
21029,0.000103282
21031,7.89E-05
21033,8.60E-05
21035,0.000110879
21037,0.000152916
21039,7.92E-05
21041,7.90E-05
21043,8.24E-05
21045,8.05E-05
21047,0.000121892
21049,9.07E-05
21051,8.43E-05
21053,7.85E-05
21055,7.86E-05
21057,7.84E-05
21059,0.000133814
21061,7.86E-05
21063,0.000108504
21065,7.89E-05
21067,0.00066312
21069,7.98E-05
21071,8.89E-05
21073,0.00012659
21075,7.95E-05
21077,7.86E-05
21079,8.06E-05
21081,8.05E-05
21083,8.88E-05
21085,8.07E-05
21087,7.86E-05
21089,8.86E-05
21091,7.88E-05
21093,0.000158801
21095,8.68E-05
21097,8.01E-05
21099,7.98E-05
21101,9.98E-05
21103,7.89E-05
21105,7.86E-05
21107,9.97E-05
21109,8.01E-05
21111,0.002800087
21113,0.00013049
21115,8.24E-05
21117,0.000208861
21119,8.16E-05
21121,8.37E-05
21123,7.92E-05
21125,9.88E-05
21127,8.03E-05
21129,8.24E-05
21131,8.00E-05
21133,8.25E-05
21135,8.01E-05
21137,8.04E-05
21139,7.86E-05
21141,8.10E-05
21143,0.000110656
21145,0.000127554
21147,8.64E-05
21149,7.85E-05
21151,0.00013986
21153,7.99E-05
21155,8.07E-05
21157,8.83E-05
21159,8.94E-05
21161,8.49E-05
21163,8.52E-05
21165,7.97E-05
21167,8.41E-05
21169,7.88E-05
21171,7.94E-05
21173,8.56E-05
21175,8.95E-05
21177,8.43E-05
21179,9.76E-05
21181,7.84E-05
21183,8.06E-05
21185,0.000187748
21187,7.85E-05
21189,8.91E-05
21191,7.88E-05
21193,8.72E-05
21195,0.000104197
21197,8.04E-05
21199,0.000103416
21201,7.85E-05
21203,8.04E-05
21205,0.000112174
21207,8.02E-05
21209,0.000124419
21211,0.000118063
21213,8.01E-05
21215,8.29E-05
21217,8.75E-05
21219,7.91E-05
21221,8.31E-05
21223,7.87E-05
21225,7.96E-05
21227,0.000161009
21229,8.43E-05
21231,8.05E-05
21233,7.86E-05
21235,9.58E-05
21237,8.03E-05
21239,0.000108291
22001,9.45E-05
22003,0.00012334
22005,0.000136612
22007,8.60E-05
22009,8.69E-05
22011,0.000135286
22013,8.46E-05
22015,0.00015542
22017,0.000211702
22019,0.000244517
22021,8.05E-05
22023,0.000279796
22025,8.31E-05
22027,9.05E-05
22029,8.25E-05
22031,8.42E-05
22033,0.00039753
22035,0.000110509
22037,0.000126942
22039,8.51E-05
22041,8.06E-05
22043,0.000114904
22045,0.000105544
22047,9.20E-05
22049,8.48E-05
22051,0.000271418
22053,9.56E-05
22055,0.000202999
22057,0.000115877
22059,8.20E-05
22061,0.00012578
22063,0.000134908
22065,0.000117837
22067,8.66E-05
22069,9.42E-05
22071,0.001000185
22073,0.000154126
22075,8.39E-05
22077,8.63E-05
22079,0.000130936
22081,9.64E-05
22083,8.53E-05
22085,9.59E-05
22087,8.41E-05
22089,0.000103547
22091,8.97E-05
22093,8.56E-05
22095,8.95E-05
22097,0.000103935
22099,9.13E-05
22101,8.96E-05
22103,0.000232156
22105,0.000126481
22107,7.91E-05
22109,0.000131798
22111,8.49E-05
22113,0.000110896
22115,0.000100889
22117,9.05E-05
22119,8.30E-05
22121,9.06E-05
22123,8.25E-05
22125,0.000144366
22127,9.55E-05
23001,0.000144028
23003,0.000122062
23005,0.002366523
23007,0.000122513
23009,0.000155339
23011,0.000189614
23013,0.000138092
23015,0.000144462
23017,0.000118867
23019,0.00019991
23021,9.69E-05
23023,0.00013707
23025,0.000110811
23027,0.000134592
23029,0.000105418
23031,0.000238548
24001,0.00014638
24003,0.00317026
24005,0.008791366
24009,0.000217219
24011,8.66E-05
24013,0.000282493
24015,0.000153458
24017,0.000254866
24019,0.000102196
24021,0.000603391
24023,0.000122609
24025,0.000408962
24027,0.004131633
24029,0.000121038
24031,0.021959338
24033,0.025490685
24035,0.000178851
24037,0.000224864
24039,0.000128926
24041,0.00021083
24043,0.000186473
24045,0.000170807
24047,0.00015761
24510,0.007723576
25001,0.0006388
25003,0.00023683
25005,0.000821434
25007,0.000162012
25009,0.004256329
25011,0.000203568
25013,0.000833524
25015,0.000356445
25017,0.01145507
25019,0.00017418
25021,0.00746688
25023,0.001673877
25025,0.005697203
25027,0.003824207
26001,9.43E-05
26003,0.000102386
26005,0.000137837
26007,9.98E-05
26009,0.000113444
26011,8.81E-05
26013,0.000124833
26015,0.000114508
26017,0.000132079
26019,0.00010963
26021,0.000206913
26023,8.98E-05
26025,0.000140157
26027,0.000105175
26029,0.0001248
26031,0.000101228
26033,0.000118461
26035,8.64E-05
26037,0.000145078
26039,9.01E-05
26041,0.000104586
26043,9.86E-05
26045,0.000150422
26047,0.000135258
26049,0.000260005
26051,8.73E-05
26053,0.000102816
26055,0.000185963
26057,9.60E-05
26059,0.000101675
26061,0.000130003
26063,9.71E-05
26065,0.000485407
26067,0.000105012
26069,9.85E-05
26071,9.40E-05
26073,0.000134753
26075,0.000151806
26077,0.000286311
26079,8.93E-05
26081,0.001348204
26083,0.000107736
26085,8.65E-05
26087,0.000130833
26089,0.000154522
26091,0.00013331
26093,0.00025898
26095,0.000122617
26097,9.87E-05
26099,0.001123267
26101,0.000105229
26103,0.000152016
26105,0.000105734
26107,0.000105544
26109,8.99E-05
26111,0.0001733
26113,8.75E-05
26115,0.000139538
26117,9.50E-05
26119,9.27E-05
26121,0.000146614
26123,9.25E-05
26125,0.004640828
26127,9.20E-05
26129,8.84E-05
26131,9.58E-05
26133,8.69E-05
26135,8.90E-05
26137,0.000100261
26139,0.000241745
26141,9.47E-05
26143,9.17E-05
26145,0.000180647
26147,0.000151312
26149,0.000104479
26151,9.63E-05
26153,9.40E-05
26155,0.000104341
26157,9.83E-05
26159,0.000122531
26161,0.002776054
26163,0.008757105
26165,9.33E-05
27001,9.36E-05
27003,0.00089204
27005,9.66E-05
27007,0.000116305
27009,9.54E-05
27011,8.21E-05
27013,0.000133873
27015,8.57E-05
27017,0.000101598
27019,0.000264353
27021,9.51E-05
27023,8.25E-05
27025,0.000107578
27027,0.00012285
27029,8.84E-05
27031,0.000119583
27033,8.29E-05
27035,0.000134124
27037,0.001354808
27039,8.56E-05
27041,0.000101278
27043,8.26E-05
27045,8.66E-05
27047,8.68E-05
27049,0.000107401
27051,8.25E-05
27053,0.007320852
27055,8.57E-05
27057,9.81E-05
27059,9.09E-05
27061,0.000118297
27063,8.26E-05
27065,9.26E-05
27067,0.000105326
27069,8.31E-05
27071,9.43E-05
27073,8.18E-05
27075,0.000106808
27077,8.90E-05
27079,8.76E-05
27081,8.23E-05
27083,8.80E-05
27085,8.83E-05
27087,8.55E-05
27089,8.33E-05
27091,8.37E-05
27093,8.52E-05
27095,8.96E-05
27097,8.94E-05
27099,9.48E-05
27101,8.24E-05
27103,0.000111611
27105,8.39E-05
27107,8.29E-05
27109,0.000322936
27111,0.000120449
27113,8.47E-05
27115,9.55E-05
27117,8.23E-05
27119,9.25E-05
27121,8.41E-05
27123,0.002606482
27125,8.42E-05
27127,8.30E-05
27129,8.69E-05
27131,0.00013882
27133,8.22E-05
27135,8.54E-05
27137,0.000221574
27139,0.000253596
27141,0.00013994
27143,8.25E-05
27145,0.000186063
27147,9.36E-05
27149,8.33E-05
27151,8.22E-05
27153,8.92E-05
27155,8.23E-05
27157,8.70E-05
27159,8.50E-05
27161,8.54E-05
27163,0.000415111
27165,8.22E-05
27167,8.21E-05
27169,0.000124306
27171,0.000142695
27173,8.22E-05
28001,9.24E-05
28003,8.80E-05
28005,8.02E-05
28007,8.29E-05
28009,7.84E-05
28011,9.32E-05
28013,7.91E-05
28015,7.93E-05
28017,7.85E-05
28019,7.85E-05
28021,8.15E-05
28023,8.26E-05
28025,8.19E-05
28027,8.15E-05
28029,8.03E-05
28031,8.48E-05
28033,0.000155792
28035,0.00013123
28037,8.18E-05
28039,8.82E-05
28041,0.000131678
28043,8.10E-05
28045,0.000106268
28047,0.000202127
28049,0.000248292
28051,8.05E-05
28053,7.96E-05
28055,0.000108638
28057,8.01E-05
28059,0.000158057
28061,8.46E-05
28063,8.65E-05
28065,8.26E-05
28067,0.000120082
28069,7.92E-05
28071,0.000132383
28073,0.000134134
28075,0.00011551
28077,7.89E-05
28079,8.28E-05
28081,0.000124997
28083,8.56E-05
28085,8.77E-05
28087,0.000113954
28089,0.000233134
28091,8.60E-05
28093,8.19E-05
28095,8.24E-05
28097,7.90E-05
28099,8.36E-05
28101,8.36E-05
28103,7.87E-05
28105,0.000133143
28107,8.28E-05
28109,9.97E-05
28111,8.43E-05
28113,8.65E-05
28115,8.09E-05
28117,8.05E-05
28119,7.97E-05
28121,0.000190333
28123,8.32E-05
28125,7.97E-05
28127,8.37E-05
28129,8.44E-05
28131,9.29E-05
28133,0.000238118
28135,0.00010779
28137,8.26E-05
28139,8.00E-05
28141,7.89E-05
28143,7.92E-05
28145,8.38E-05
28147,8.26E-05
28149,0.000113514
28151,0.000100156
28153,9.41E-05
28155,7.86E-05
28157,9.32E-05
28159,8.01E-05
28161,7.88E-05
28163,0.000116088
29001,0.000106924
29003,8.76E-05
29005,7.83E-05
29007,8.31E-05
29009,8.59E-05
29011,8.17E-05
29013,8.04E-05
29015,8.00E-05
29017,8.18E-05
29019,0.0002531
29021,0.00012125
29023,9.28E-05
29025,7.87E-05
29027,0.000100969
29029,0.000104501
29031,0.000136967
29033,7.91E-05
29035,8.17E-05
29037,0.000144032
29039,8.20E-05
29041,7.89E-05
29043,0.000136964
29045,7.85E-05
29047,0.000236299
29049,8.07E-05
29051,0.000143127
29053,8.36E-05
29055,8.33E-05
29057,8.19E-05
29059,8.27E-05
29061,7.85E-05
29063,0.000106932
29065,8.26E-05
29067,8.39E-05
29069,8.15E-05
29071,0.000129715
29073,7.99E-05
29075,7.84E-05
29077,0.000240167
29079,7.97E-05
29081,7.84E-05
29083,8.03E-05
29085,8.16E-05
29087,7.87E-05
29089,8.44E-05
29091,9.62E-05
29093,8.21E-05
29095,0.001662477
29097,0.000126084
29099,0.00018667
29101,0.000127068
29103,7.84E-05
29105,8.49E-05
29107,8.57E-05
29109,8.73E-05
29111,7.86E-05
29113,9.07E-05
29115,7.89E-05
29117,8.32E-05
29119,8.43E-05
29121,7.89E-05
29123,8.19E-05
29125,7.94E-05
29127,8.47E-05
29129,7.86E-05
29131,8.13E-05
29133,8.89E-05
29135,8.12E-05
29137,7.84E-05
29139,7.86E-05
29141,7.97E-05
29143,7.96E-05
29145,0.000103223
29147,9.09E-05
29149,8.17E-05
29151,7.97E-05
29153,8.54E-05
29155,7.90E-05
29157,8.35E-05
29159,8.90E-05
29161,0.000126548
29163,8.68E-05
29165,0.000247021
29167,9.03E-05
29169,0.000139439
29171,7.89E-05
29173,7.86E-05
29175,8.35E-05
29177,8.02E-05
29179,8.23E-05
29181,7.90E-05
29183,0.000485308
29185,7.90E-05
29186,8.33E-05
29187,0.000113236
29189,0.006033284
29195,8.30E-05
29197,7.83E-05
29199,7.83E-05
29201,8.56E-05
29203,8.40E-05
29205,7.84E-05
29207,8.21E-05
29209,8.96E-05
29211,7.85E-05
29213,0.000103248
29215,8.64E-05
29217,8.42E-05
29219,8.62E-05
29221,8.31E-05
29223,8.26E-05
29225,8.99E-05
29227,7.92E-05
29229,8.37E-05
29510,0.00048532
30001,0.000102222
30003,7.92E-05
30005,8.28E-05
30007,8.82E-05
30009,9.30E-05
30011,7.88E-05
30013,0.00013932
30015,8.24E-05
30017,7.89E-05
30019,9.11E-05
30021,8.19E-05
30023,9.47E-05
30025,7.99E-05
30027,8.45E-05
30029,0.000155748
30031,0.000311472
30033,8.12E-05
30035,9.29E-05
30037,8.28E-05
30039,9.78E-05
30041,8.44E-05
30043,9.54E-05
30045,8.49E-05
30047,0.00010857
30049,0.000151757
30051,8.63E-05
30053,8.81E-05
30055,8.42E-05
30057,9.30E-05
30059,8.59E-05
30061,8.50E-05
30063,0.000224455
30065,8.16E-05
30067,0.000102154
30069,8.86E-05
30071,8.46E-05
30073,8.35E-05
30075,8.22E-05
30077,0.000121003
30079,7.97E-05
30081,0.000122008
30083,8.22E-05
30085,8.29E-05
30087,7.86E-05
30089,8.39E-05
30091,8.25E-05
30093,0.000105533
30095,8.74E-05
30097,8.31E-05
30099,8.50E-05
30101,9.13E-05
30103,7.88E-05
30105,8.78E-05
30107,8.30E-05
30109,8.16E-05
30111,0.000188937
31001,9.20E-05
31003,8.03E-05
31005,7.96E-05
31007,7.89E-05
31009,8.57E-05
31011,7.92E-05
31013,7.88E-05
31015,7.88E-05
31017,7.95E-05
31019,0.000121087
31021,7.83E-05
31023,7.83E-05
31025,8.92E-05
31027,7.97E-05
31029,7.88E-05
31031,8.01E-05
31033,7.93E-05
31035,7.85E-05
31037,7.89E-05
31039,7.85E-05
31041,8.01E-05
31043,7.90E-05
31045,9.03E-05
31047,8.06E-05
31049,7.85E-05
31051,7.95E-05
31053,8.61E-05
31055,0.001379342
31057,7.86E-05
31059,7.85E-05
31061,7.82E-05
31063,7.90E-05
31065,7.82E-05
31067,8.06E-05
31069,8.20E-05
31071,7.88E-05
31073,7.91E-05
31075,7.99E-05
31077,7.83E-05
31079,0.000100021
31081,8.01E-05
31083,7.90E-05
31085,7.96E-05
31087,7.85E-05
31089,7.96E-05
31091,8.45E-05
31093,7.85E-05
31095,7.82E-05
31097,0.000105282
31099,7.89E-05
31101,7.91E-05
31103,8.31E-05
31105,7.87E-05
31107,7.88E-05
31109,0.000471759
31111,8.90E-05
31113,8.01E-05
31115,7.88E-05
31117,8.01E-05
31119,8.59E-05
31121,7.83E-05
31123,7.86E-05
31125,8.02E-05
31127,7.98E-05
31129,7.84E-05
31131,7.97E-05
31133,7.82E-05
31135,8.26E-05
31137,7.87E-05
31139,8.00E-05
31141,8.64E-05
31143,7.85E-05
31145,7.89E-05
31147,7.82E-05
31149,8.02E-05
31151,7.89E-05
31153,0.000285474
31155,8.85E-05
31157,9.22E-05
31159,8.69E-05
31161,7.99E-05
31163,7.82E-05
31165,7.88E-05
31167,7.84E-05
31169,7.84E-05
31171,8.21E-05
31173,7.84E-05
31175,7.84E-05
31177,8.44E-05
31179,8.21E-05
31181,8.15E-05
31183,8.17E-05
31185,8.39E-05
32001,8.35E-05
32003,0.002687077
32005,0.000137492
32007,0.000102446
32009,8.50E-05
32011,8.14E-05
32013,8.08E-05
32015,8.27E-05
32017,8.46E-05
32019,9.25E-05
32021,8.10E-05
32023,8.58E-05
32027,0.000113032
32029,8.72E-05
32031,0.00037407
32033,0.000106685
32510,0.000120062
33001,0.000158279
33003,0.000165373
33005,0.000163465
33007,0.000108351
33009,0.000249429
33011,0.001785427
33013,0.000257573
33015,0.000852426
33017,0.000216974
33019,0.000133477
34001,0.00025124
34003,0.003598973
34005,0.001387545
34007,0.000937076
34009,0.000191915
34011,0.0001506
34013,0.00759937
34015,0.000286252
34017,0.003369459
34019,0.000336592
34021,0.002835773
34023,0.003577263
34025,0.002947629
34027,0.002795395
34029,0.000816887
34031,0.000386709
34033,0.000116341
34035,0.002215046
34037,0.000261217
34039,0.002022049
34041,0.000206162
35001,0.002115423
35003,9.12E-05
35005,0.00010968
35006,8.22E-05
35007,8.28E-05
35009,0.000100986
35011,7.98E-05
35013,0.000221283
35015,0.000123886
35017,0.000114583
35019,0.000105876
35021,8.01E-05
35023,7.90E-05
35025,0.000101737
35027,9.25E-05
35028,0.000396735
35029,8.33E-05
35031,0.000103827
35033,8.06E-05
35035,0.000119703
35037,7.99E-05
35039,9.41E-05
35041,8.86E-05
35043,0.000198074
35045,0.000124921
35047,9.74E-05
35049,0.000283398
35051,8.07E-05
35053,8.34E-05
35055,0.000132743
35057,8.20E-05
35059,0.000105686
35061,0.000109444
36001,0.002109544
36003,0.000134969
36005,0.03264686
36007,0.00024206
36009,0.000142973
36011,0.000154881
36013,0.000183337
36015,0.000161981
36017,0.000131953
36019,0.000165459
36021,0.000175405
36023,0.000139993
36025,0.000136525
36027,0.000483
36029,0.003246337
36031,0.000150387
36033,0.000153724
36035,0.000130557
36037,0.000138996
36039,0.000141389
36041,0.00010933
36043,0.000149292
36045,0.000182467
36047,0.018839306
36049,0.000103683
36051,0.000151261
36053,0.000156613
36055,0.003817543
36057,0.000109504
36059,0.00665655
36061,0.019999366
36063,0.000227605
36065,0.000241315
36067,0.003042354
36069,0.000225373
36071,0.000385138
36073,0.000109777
36075,0.000151465
36077,0.000158244
36079,0.000255931
36081,0.010034946
36083,0.000228958
36085,0.002339392
36087,0.000648593
36089,0.000187744
36091,0.000468324
36093,0.00023303
36095,0.000122754
36097,0.000108233
36099,0.00012559
36101,0.000182166
36103,0.00397662
36105,0.000152338
36107,0.000134031
36109,0.000249959
36111,0.000262129
36113,0.000170069
36115,0.00014406
36117,0.000153607
36119,0.004292674
36121,0.00011191
36123,0.000113259
37001,0.000153552
37003,8.41E-05
37005,8.85E-05
37007,8.15E-05
37009,9.65E-05
37011,0.000118633
37013,9.94E-05
37015,8.19E-05
37017,8.32E-05
37019,0.000173083
37021,0.000319249
37023,0.000114611
37025,0.000194502
37027,0.000101311
37029,8.05E-05
37031,0.000139417
37033,8.07E-05
37035,0.000141718
37037,0.00020487
37039,9.10E-05
37041,8.50E-05
37043,8.87E-05
37045,0.000122507
37047,8.76E-05
37049,0.00014002
37051,0.000298724
37053,8.30E-05
37055,0.000108814
37057,0.000127748
37059,0.00010458
37061,8.53E-05
37063,0.002070577
37065,8.68E-05
37067,0.000434868
37069,0.000102202
37071,0.000152982
37073,7.95E-05
37075,8.37E-05
37077,0.000101136
37079,8.56E-05
37081,0.003034906
37083,8.74E-05
37085,0.000125113
37087,0.00014714
37089,0.000178761
37091,8.37E-05
37093,8.89E-05
37095,8.62E-05
37097,0.000169218
37099,0.000137415
37101,0.000141435
37103,7.92E-05
37105,0.000100169
37107,9.55E-05
37109,0.000112913
37111,8.92E-05
37113,0.000106707
37115,9.62E-05
37117,8.18E-05
37119,0.006309043
37121,9.04E-05
37123,8.07E-05
37125,0.000179348
37127,0.000121902
37129,0.000236773
37131,8.09E-05
37133,0.000166379
37135,0.000378522
37137,8.35E-05
37139,9.68E-05
37141,0.000117691
37143,8.01E-05
37145,8.28E-05
37147,0.000198966
37149,0.000101255
37151,0.000124251
37153,8.59E-05
37155,0.000142027
37157,0.000103508
37159,0.000124202
37161,0.000103357
37163,8.67E-05
37165,8.69E-05
37167,9.63E-05
37169,8.32E-05
37171,0.000104093
37173,9.16E-05
37175,0.000128498
37177,0.000107747
37179,0.000200081
37181,8.23E-05
37183,0.00380469
37185,8.17E-05
37187,7.96E-05
37189,0.000148725
37191,0.00012347
37193,9.94E-05
37195,0.000108241
37197,8.27E-05
37199,9.48E-05
38001,8.76E-05
38003,8.37E-05
38005,8.39E-05
38007,0.000102741
38009,8.52E-05
38011,8.45E-05
38013,8.62E-05
38015,0.000172271
38017,0.000649513
38019,0.000102407
38021,8.33E-05
38023,8.87E-05
38025,9.45E-05
38027,8.60E-05
38029,8.34E-05
38031,8.31E-05
38033,8.15E-05
38035,0.000148734
38037,8.11E-05
38039,8.42E-05
38041,8.26E-05
38043,8.91E-05
38045,8.57E-05
38047,8.38E-05
38049,8.62E-05
38051,8.29E-05
38053,8.77E-05
38055,8.62E-05
38057,8.56E-05
38059,9.54E-05
38061,9.22E-05
38063,8.40E-05
38065,8.79E-05
38067,8.61E-05
38069,8.31E-05
38071,8.54E-05
38073,8.29E-05
38075,8.27E-05
38077,8.57E-05
38079,8.50E-05
38081,8.61E-05
38083,8.39E-05
38085,8.17E-05
38087,8.42E-05
38089,9.48E-05
38091,9.21E-05
38093,8.55E-05
38095,8.61E-05
38097,8.44E-05
38099,8.36E-05
38101,0.000125219
38103,8.34E-05
38105,0.000105213
39001,8.11E-05
39003,0.000133197
39005,0.000104586
39007,0.000121426
39009,0.000144873
39011,0.000101996
39013,0.000116136
39015,8.40E-05
39017,0.000305186
39019,8.30E-05
39021,9.00E-05
39023,0.000141671
39025,0.000208138
39027,8.91E-05
39029,0.000119215
39031,8.30E-05
39033,8.78E-05
39035,0.00576471
39037,9.41E-05
39039,8.69E-05
39041,0.000322558
39043,0.000136481
39045,0.000177427
39047,8.16E-05
39049,0.005182004
39051,9.24E-05
39053,8.59E-05
39055,0.00020395
39057,0.000263115
39059,8.67E-05
39061,0.005490942
39063,0.000137405
39065,8.78E-05
39067,8.02E-05
39069,8.50E-05
39071,8.78E-05
39073,8.24E-05
39075,8.23E-05
39077,9.47E-05
39079,8.39E-05
39081,0.000103989
39083,0.000113849
39085,0.000244705
39087,9.98E-05
39089,0.000183888
39091,9.26E-05
39093,0.000249638
39095,0.000385046
39097,9.59E-05
39099,0.000206859
39101,0.000105593
39103,0.000221818
39105,8.15E-05
39107,9.17E-05
39109,0.000134473
39111,7.98E-05
39113,0.001256148
39115,7.93E-05
39117,8.43E-05
39119,0.000112833
39121,0.000109318
39123,0.000107302
39125,8.10E-05
39127,8.29E-05
39129,0.000105691
39131,8.31E-05
39133,0.000201242
39135,8.75E-05
39137,9.12E-05
39139,0.000133994
39141,0.000116407
39143,9.99E-05
39145,0.000115144
39147,0.000101072
39149,0.000103508
39151,0.00027265
39153,0.001116289
39155,0.000164484
39157,0.00011365
39159,0.0001286
39161,8.64E-05
39163,7.93E-05
39165,0.00030876
39167,0.000103114
39169,0.000139677
39171,8.84E-05
39173,0.000200507
39175,8.14E-05
40001,8.29E-05
40003,0.000106055
40005,8.63E-05
40007,7.89E-05
40009,8.66E-05
40011,0.00011195
40013,1.00E-04
40015,8.22E-05
40017,0.000130562
40019,9.92E-05
40021,0.000112387
40023,7.95E-05
40025,7.88E-05
40027,0.000240882
40029,8.23E-05
40031,0.000140069
40033,7.88E-05
40035,8.33E-05
40037,0.000101993
40039,8.76E-05
40041,9.22E-05
40043,7.90E-05
40045,7.90E-05
40047,0.000111222
40049,8.15E-05
40051,9.04E-05
40053,7.91E-05
40055,0.000106275
40057,8.08E-05
40059,8.18E-05
40061,7.89E-05
40063,9.93E-05
40065,8.87E-05
40067,7.89E-05
40069,7.95E-05
40071,8.78E-05
40073,8.15E-05
40075,7.89E-05
40077,7.94E-05
40079,9.10E-05
40081,9.86E-05
40083,0.000104297
40085,7.88E-05
40087,8.83E-05
40089,8.16E-05
40091,8.37E-05
40093,7.90E-05
40095,7.96E-05
40097,9.10E-05
40099,8.07E-05
40101,0.000102936
40103,7.96E-05
40105,7.90E-05
40107,8.94E-05
40109,0.00128605
40111,8.66E-05
40113,9.37E-05
40115,8.56E-05
40117,8.41E-05
40119,0.000144665
40121,9.16E-05
40123,0.000105601
40125,0.000100424
40127,7.93E-05
40129,7.91E-05
40131,0.000133302
40133,8.09E-05
40135,8.36E-05
40137,8.61E-05
40139,8.25E-05
40141,7.95E-05
40143,0.000416298
40145,0.000112717
40147,0.00011382
40149,7.95E-05
40151,9.30E-05
40153,8.39E-05
41001,9.15E-05
41003,0.000225201
41005,0.000465774
41007,0.000168793
41009,0.000107986
41011,0.000145896
41013,8.66E-05
41015,0.000257219
41017,0.000230413
41019,0.000134005
41021,7.97E-05
41023,9.23E-05
41025,8.26E-05
41027,0.000111056
41029,0.000211613
41031,8.45E-05
41033,0.000137336
41035,0.000119001
41037,8.59E-05
41039,0.000330635
41041,0.000268787
41043,0.000134644
41045,8.94E-05
41047,0.000239319
41049,8.21E-05
41051,0.004104083
41053,0.000150314
41055,8.16E-05
41057,0.000217421
41059,0.000118669
41061,9.22E-05
41063,9.51E-05
41065,8.93E-05
41067,0.002449719
41069,8.37E-05
41071,0.000148628
42001,0.000150458
42003,0.004370444
42005,0.000102818
42007,0.000183742
42009,0.000100694
42011,0.000322148
42013,0.000136215
42015,0.000111722
42017,0.00235393
42019,0.000260565
42021,0.000184356
42023,9.09E-05
42025,0.000119183
42027,0.000252573
42029,0.002305768
42031,0.00010701
42033,0.000113639
42035,9.21E-05
42037,0.000120338
42039,0.000140496
42041,0.000306101
42043,0.000289179
42045,0.004786803
42047,9.76E-05
42049,0.00024152
42051,0.000132673
42053,0.000162796
42055,0.000172107
42057,8.12E-05
42059,9.69E-05
42061,9.44E-05
42063,0.000137772
42065,9.75E-05
42067,8.23E-05
42069,0.000227829
42071,0.000504879
42073,0.000130767
42075,0.000153872
42077,0.000312756
42079,0.000252323
42081,0.000139494
42083,0.000114692
42085,0.000150827
42087,8.57E-05
42089,0.000193437
42091,0.003176817
42093,0.000106392
42095,0.000265369
42097,0.000122192
42099,9.19E-05
42101,0.011296574
42103,0.00014302
42105,9.58E-05
42107,0.000142348
42109,9.00E-05
42111,0.000129599
42113,9.55E-05
42115,0.000112422
42117,0.000117563
42119,0.000136915
42121,0.000105043
42123,0.000105832
42125,0.000221187
42127,0.00013994
42129,0.000301755
42131,9.28E-05
42133,0.000310735
44001,0.000233971
44003,0.000266233
44005,0.000272652
44007,0.002510629
44009,0.000284682
45001,8.15E-05
45003,0.000183908
45005,8.95E-05
45007,0.000167937
45009,8.08E-05
45011,8.02E-05
45013,0.000261258
45015,0.000187475
45017,8.10E-05
45019,0.000735864
45021,9.85E-05
45023,8.26E-05
45025,8.52E-05
45027,8.51E-05
45029,8.57E-05
45031,0.000101552
45033,8.10E-05
45035,0.000176678
45037,9.40E-05
45039,8.23E-05
45041,0.000146612
45043,0.00012999
45045,0.000585987
45047,0.000116687
45049,8.17E-05
45051,0.000214497
45053,8.31E-05
45055,0.000113468
45057,0.000127552
45059,9.92E-05
45061,8.21E-05
45063,0.000234036
45065,9.21E-05
45067,8.49E-05
45069,8.69E-05
45071,8.71E-05
45073,0.000130232
45075,0.000133257
45077,0.000141709
45079,0.000616541
45081,8.14E-05
45083,0.000218761
45085,0.000124046
45087,8.16E-05
45089,8.31E-05
45091,0.000224545
46003,8.02E-05
46005,8.01E-05
46007,8.08E-05
46009,0.000106031
46011,0.000115378
46013,0.00010659
46015,8.24E-05
46017,8.21E-05
46019,7.93E-05
46021,8.48E-05
46023,7.90E-05
46025,8.28E-05
46027,0.000101705
46029,8.48E-05
46031,8.12E-05
46033,8.23E-05
46035,8.21E-05
46037,8.31E-05
46039,8.36E-05
46041,7.92E-05
46043,7.92E-05
46045,8.38E-05
46047,8.01E-05
46049,8.88E-05
46051,8.36E-05
46053,7.92E-05
46055,7.90E-05
46057,8.30E-05
46059,8.10E-05
46061,8.00E-05
46063,8.04E-05
46065,9.48E-05
46067,7.96E-05
46069,7.98E-05
46071,7.95E-05
46073,8.64E-05
46075,8.33E-05
46077,8.28E-05
46079,8.91E-05
46081,0.000102765
46083,0.000157364
46085,7.96E-05
46087,8.17E-05
46089,8.37E-05
46091,8.40E-05
46093,8.47E-05
46095,8.40E-05
46097,8.24E-05
46099,0.000408025
46101,8.35E-05
46103,0.000158883
46105,7.96E-05
46107,8.01E-05
46109,8.34E-05
46111,7.99E-05
46115,8.12E-05
46117,9.53E-05
46119,8.93E-05
46121,8.13E-05
46123,7.91E-05
46125,8.10E-05
46127,0.000100057
46129,8.12E-05
46135,9.53E-05
46137,8.00E-05
47001,0.000133753
47003,8.63E-05
47005,7.99E-05
47007,8.55E-05
47009,0.000143141
47011,0.000125816
47013,8.48E-05
47015,7.94E-05
47017,8.39E-05
47019,0.000100935
47021,9.05E-05
47023,8.14E-05
47025,8.55E-05
47027,8.21E-05
47029,8.22E-05
47031,0.000100839
47033,7.98E-05
47035,0.000113503
47037,0.004419521
47039,7.91E-05
47041,8.07E-05
47043,9.04E-05
47045,9.52E-05
47047,0.000100602
47049,8.05E-05
47051,0.000101655
47053,9.87E-05
47055,8.24E-05
47057,8.01E-05
47059,9.98E-05
47061,8.05E-05
47063,0.000100017
47065,0.000270405
47067,7.97E-05
47069,0.000111894
47071,8.19E-05
47073,9.04E-05
47075,8.07E-05
47077,8.16E-05
47079,8.75E-05
47081,8.23E-05
47083,7.93E-05
47085,8.10E-05
47087,7.93E-05
47089,9.97E-05
47091,9.11E-05
47093,0.001009699
47095,0.000111866
47097,8.58E-05
47099,8.62E-05
47101,7.93E-05
47103,8.63E-05
47105,0.000122373
47107,9.31E-05
47109,8.06E-05
47111,8.06E-05
47113,0.000129389
47115,8.19E-05
47117,8.13E-05
47119,0.000118414
47121,7.96E-05
47123,8.61E-05
47125,0.000192625
47127,7.94E-05
47129,9.50E-05
47131,8.51E-05
47133,8.11E-05
47135,7.94E-05
47137,7.92E-05
47139,7.96E-05
47141,0.000126431
47143,8.35E-05
47145,0.000111808
47147,0.000104153
47149,0.000221553
47151,8.11E-05
47153,8.08E-05
47155,0.000127295
47157,0.004403015
47159,8.06E-05
47161,7.98E-05
47163,0.000175066
47165,0.000191754
47167,0.000100409
47169,7.97E-05
47171,8.23E-05
47173,7.97E-05
47175,7.94E-05
47177,8.73E-05
47179,0.000193433
47181,9.13E-05
47183,8.88E-05
47185,8.12E-05
47187,0.000341255
47189,0.000158396
48001,0.000125302
48003,8.04E-05
48005,0.000112117
48007,8.75E-05
48009,7.99E-05
48011,8.05E-05
48013,9.39E-05
48015,0.000785787
48017,8.02E-05
48019,9.29E-05
48021,0.000221906
48023,8.04E-05
48025,0.000113095
48027,0.000411391
48029,0.003559694
48031,9.16E-05
48033,9.63E-05
48035,8.12E-05
48037,0.000124244
48039,0.000311506
48041,0.000249702
48043,9.81E-05
48045,7.96E-05
48047,8.46E-05
48049,8.66E-05
48051,0.000127051
48053,0.000104405
48055,0.000104863
48057,8.67E-05
48059,7.97E-05
48061,0.000287888
48063,7.96E-05
48065,8.70E-05
48067,8.22E-05
48069,7.97E-05
48071,0.000199982
48073,9.09E-05
48075,0.000106311
48077,7.95E-05
48079,7.95E-05
48081,8.00E-05
48083,7.97E-05
48085,0.003786658
48087,7.97E-05
48089,0.000253653
48091,0.000207966
48093,8.07E-05
48095,0.000126882
48097,9.43E-05
48099,0.000137912
48101,8.05E-05
48103,8.57E-05
48105,7.95E-05
48107,7.97E-05
48109,8.02E-05
48111,8.29E-05
48113,0.008331773
48115,0.00010401
48117,7.99E-05
48119,8.06E-05
48121,0.003491929
48123,9.79E-05
48125,8.19E-05
48127,9.42E-05
48129,7.95E-05
48131,8.50E-05
48133,8.05E-05
48135,0.000290075
48137,8.03E-05
48139,0.000136215
48141,0.000549888
48143,9.91E-05
48145,8.35E-05
48147,9.31E-05
48149,0.000432637
48151,8.08E-05
48153,7.94E-05
48155,8.12E-05
48157,0.003637699
48159,8.04E-05
48161,8.21E-05
48163,0.000120318
48165,8.02E-05
48167,0.000296481
48169,0.000110436
48171,0.000103704
48173,8.36E-05
48175,9.54E-05
48177,9.74E-05
48179,8.25E-05
48181,0.00012797
48183,0.000123683
48185,0.000128483
48187,0.000193679
48189,8.56E-05
48191,8.05E-05
48193,8.08E-05
48195,7.95E-05
48197,8.09E-05
48199,0.000161645
48201,0.010234044
48203,9.92E-05
48205,0.000107978
48207,0.000115908
48209,0.000195551
48211,7.96E-05
48213,0.000110326
48215,0.000378913
48217,8.56E-05
48219,8.11E-05
48221,0.000115666
48223,9.12E-05
48225,0.002290095
48227,0.00025096
48229,0.000122358
48231,0.000115815
48233,8.10E-05
48235,8.62E-05
48237,9.85E-05
48239,9.48E-05
48241,0.000140652
48243,0.000110677
48245,0.000214134
48247,8.87E-05
48249,8.32E-05
48251,0.000128498
48253,0.000114513
48255,0.000109845
48257,0.000125023
48259,0.000137804
48261,8.18E-05
48263,8.49E-05
48265,0.000121298
48267,8.11E-05
48269,0.000101565
48271,8.67E-05
48273,8.71E-05
48275,8.25E-05
48277,9.23E-05
48279,8.01E-05
48281,8.49E-05
48283,0.000104011
48285,0.000105032
48287,0.000223515
48289,8.06E-05
48291,0.000147937
48293,8.19E-05
48295,8.34E-05
48297,9.06E-05
48299,9.74E-05
48301,9.54E-05
48303,0.000238875
48305,8.01E-05
48307,8.01E-05
48309,0.000190734
48311,9.14E-05
48313,0.00014449
48315,8.03E-05
48317,8.12E-05
48319,8.13E-05
48321,9.64E-05
48323,9.47E-05
48325,0.000110841
48327,8.38E-05
48329,0.000225311
48331,9.57E-05
48333,8.16E-05
48335,0.000110157
48337,8.13E-05
48339,0.000414683
48341,8.09E-05
48343,8.06E-05
48345,8.12E-05
48347,0.000120669
48349,9.04E-05
48351,0.000142566
48353,8.04E-05
48355,0.000214972
48357,8.04E-05
48359,0.000108158
48361,0.000160329
48363,8.36E-05
48365,8.54E-05
48367,0.000145029
48369,8.08E-05
48371,9.78E-05
48373,0.000148448
48375,0.000124953
48377,8.54E-05
48379,8.39E-05
48381,0.00016355
48383,8.17E-05
48385,8.06E-05
48387,8.09E-05
48389,0.000115522
48391,8.09E-05
48393,8.66E-05
48395,8.13E-05
48397,0.000181843
48399,8.07E-05
48401,9.48E-05
48403,0.000105145
48405,8.76E-05
48407,0.000164693
48409,9.37E-05
48411,8.59E-05
48413,8.07E-05
48415,8.69E-05
48417,8.06E-05
48419,8.63E-05
48421,8.10E-05
48423,0.00018805
48425,8.07E-05
48427,9.60E-05
48429,8.30E-05
48431,8.34E-05
48433,8.71E-05
48435,8.41E-05
48437,8.31E-05
48439,0.004830134
48441,0.000133812
48443,8.59E-05
48445,8.46E-05
48447,8.13E-05
48449,8.48E-05
48451,0.000138512
48453,0.003992185
48455,8.71E-05
48457,0.000151562
48459,8.74E-05
48461,8.11E-05
48463,8.48E-05
48465,8.95E-05
48467,9.31E-05
48469,0.000125729
48471,0.000181146
48473,0.0002329
48475,9.03E-05
48477,0.000140898
48479,0.000225784
48481,0.000112571
48483,8.18E-05
48485,0.000157152
48487,8.25E-05
48489,8.99E-05
48491,0.000606333
48493,0.000103478
48495,8.69E-05
48497,9.24E-05
48499,9.62E-05
48501,8.22E-05
48503,8.39E-05
48505,9.76E-05
48507,9.13E-05
49001,8.35E-05
49003,0.000100393
49005,0.0001554
49007,8.70E-05
49009,0.000120717
49011,0.000261471
49013,8.94E-05
49015,8.36E-05
49017,8.48E-05
49019,9.21E-05
49021,0.000104182
49023,8.43E-05
49025,9.11E-05
49027,8.63E-05
49029,9.91E-05
49031,9.03E-05
49033,9.02E-05
49035,0.003208448
49037,8.54E-05
49039,9.53E-05
49041,9.06E-05
49043,0.000204684
49045,9.91E-05
49047,8.63E-05
49049,0.000439297
49051,0.000120785
49053,0.000184339
49055,8.96E-05
49057,0.000207559
50001,0.000146819
50003,0.000142565
50005,0.000128779
50007,0.00082211
50009,0.000100898
50011,0.000125099
50013,0.000117338
50015,0.00013016
50017,0.000128844
50019,0.000113161
50021,0.000153178
50023,0.000182724
50025,0.000154334
50027,0.000177617
51001,0.000100975
51003,0.000283989
51005,8.95E-05
51007,8.47E-05
51009,9.27E-05
51011,9.27E-05
51013,0.004864906
51015,0.000139824
51017,8.89E-05
51019,0.000141653
51021,9.81E-05
51023,0.000116151
51025,9.10E-05
51027,8.76E-05
51029,9.29E-05
51031,0.000114001
51033,9.11E-05
51035,9.09E-05
51036,8.55E-05
51037,8.52E-05
51041,0.00035888
51043,0.000111423
51045,8.93E-05
51047,0.000111326
51049,8.57E-05
51051,8.77E-05
51053,8.95E-05
51057,8.73E-05
51059,0.011063631
51061,0.000175287
51063,9.34E-05
51065,0.000122629
51067,0.000121477
51069,0.000151448
51071,9.22E-05
51073,0.000110748
51075,0.000152395
51077,9.44E-05
51079,9.98E-05
51081,0.000115862
51083,9.28E-05
51085,0.000204471
51087,0.000745844
51089,9.55E-05
51091,0.000105975
51093,0.00011673
51095,0.00025343
51097,8.83E-05
51099,0.000118189
51101,8.80E-05
51103,0.000112417
51105,9.14E-05
51107,0.002764362
51109,0.000111461
51111,8.85E-05
51113,9.71E-05
51115,0.000102676
51117,9.37E-05
51119,9.55E-05
51121,0.000209324
51125,0.000113254
51127,0.00010789
51131,9.73E-05
51133,0.000101676
51135,9.33E-05
51137,0.000116277
51139,9.06E-05
51141,9.21E-05
51143,0.000105881
51145,0.000114743
51147,0.000102286
51149,0.000123979
51153,0.002965322
51155,9.93E-05
51157,0.00010954
51159,0.000116259
51161,0.00018028
51163,0.000115299
51165,0.000141525
51167,9.20E-05
51169,8.91E-05
51171,0.000104816
51173,9.73E-05
51175,9.24E-05
51177,0.000190179
51179,0.000246249
51181,8.88E-05
51183,0.000135265
51185,0.000102573
51187,0.000100684
51191,0.00012956
51193,9.52E-05
51195,0.000101345
51197,9.78E-05
51199,0.000208952
51650,0.000164947
51700,0.000192396
51710,0.000300852
51800,0.000143385
51810,0.000711717
53001,8.94E-05
53003,9.49E-05
53005,0.000211671
53007,0.000153778
53009,0.000251251
53011,0.000347482
53013,9.79E-05
53015,0.00014532
53017,9.79E-05
53019,9.58E-05
53021,0.000121542
53023,9.31E-05
53025,0.000120317
53027,0.000227842
53029,0.000199788
53031,0.000335917
53033,0.006957521
53035,0.000299781
53037,0.000129749
53039,0.00010146
53041,0.000140648
53043,9.19E-05
53045,0.000280223
53047,0.000113566
53049,0.000153117
53051,9.86E-05
53053,0.001316938
53055,0.000195587
53057,0.000211768
53059,0.000187593
53061,0.0016416
53063,0.000552358
53065,0.000111941
53067,0.000311668
53069,0.000136649
53071,0.000142583
53073,0.000265278
53075,0.000146823
53077,0.000200875
54001,8.81E-05
54003,0.000133557
54005,8.74E-05
54007,8.55E-05
54009,9.24E-05
54011,0.000160228
54013,8.59E-05
54015,8.63E-05
54017,9.02E-05
54019,9.65E-05
54021,0.000117004
54023,8.71E-05
54025,0.000112709
54027,8.73E-05
54029,9.40E-05
54031,8.61E-05
54033,0.000122859
54035,9.17E-05
54037,0.000138919
54039,0.000215352
54041,8.62E-05
54043,8.62E-05
54045,8.80E-05
54047,9.24E-05
54049,0.00011695
54051,9.30E-05
54053,8.67E-05
54055,0.000118777
54057,8.76E-05
54059,8.80E-05
54061,0.000210294
54063,8.95E-05
54065,9.02E-05
54067,9.45E-05
54069,0.000128071
54071,9.09E-05
54073,8.97E-05
54075,0.000102376
54077,0.000106114
54079,0.000133893
54081,0.000124644
54083,0.000120573
54085,8.52E-05
54087,8.63E-05
54089,9.27E-05
54091,8.98E-05
54093,0.000101048
54095,8.54E-05
54097,9.32E-05
54099,9.27E-05
54101,9.71E-05
54103,8.62E-05
54105,8.59E-05
54107,0.000131241
54109,9.02E-05
55001,9.68E-05
55003,0.000105772
55005,0.000114075
55007,0.000113535
55009,0.0002233
55011,9.02E-05
55013,9.51E-05
55015,0.000112391
55017,0.000112723
55019,9.39E-05
55021,0.000112501
55023,9.25E-05
55025,0.003079663
55027,0.000126222
55029,0.000134215
55031,0.000120279
55033,0.000117874
55035,0.000158559
55037,9.87E-05
55039,0.000139885
55041,0.00010029
55043,0.000112894
55045,0.00010738
55047,9.39E-05
55049,9.80E-05
55051,0.00010277
55053,9.38E-05
55055,0.000132262
55057,9.39E-05
55059,0.000184277
55061,0.000100031
55063,0.000182635
55065,9.09E-05
55067,0.000101704
55069,0.000100997
55071,0.000126083
55073,0.000163166
55075,0.000102421
55077,9.10E-05
55078,9.53E-05
55079,0.002750542
55081,9.98E-05
55083,0.000103287
55085,0.000131232
55087,0.000205823
55089,0.000253541
55091,8.94E-05
55093,0.000114868
55095,0.000106039
55097,0.00013984
55099,0.000101571
55101,0.000204941
55103,9.29E-05
55105,0.000164538
55107,9.74E-05
55109,0.000164768
55111,0.000123288
55113,0.000106971
55115,0.000100495
55117,0.00014545
55119,0.000100339
55121,9.36E-05
55123,9.99E-05
55125,0.000117901
55127,0.000155498
55129,0.0001025
55131,0.000215824
55133,0.000922871
55135,0.000102174
55137,9.49E-05
55139,0.00017721
55141,0.000128518
56001,0.000145235
56003,8.94E-05
56005,9.37E-05
56007,9.54E-05
56009,8.72E-05
56011,8.78E-05
56013,0.000109262
56015,9.50E-05
56017,9.62E-05
56019,9.59E-05
56021,0.000154089
56023,9.37E-05
56025,0.000135437
56027,9.75E-05
56029,0.000134173
56031,8.89E-05
56033,0.000117688
56035,0.000105832
56037,0.000107135
56039,0.000182943
56041,9.37E-05
56043,8.84E-05
56045,9.14E-05